SolmazDataset,SolmazMethod,k,T,efC,UpdateCount,IndexingTime_s,InsertAvg_ms,DeleteAvg_ms,SearchRt0p8_ms,SearchRt0p9_ms,SearchRt0p95_ms,SearchRt0p97_ms,,
sift,LSH_APG_ORIG,10,24,80,5000,23368.3,77.9512,78.0052,-1,-1,-1,-1,,
sift,LIGS_PSEUDO,10,24,80,5000,23368.3,78.1109,78.7473,-1,-1,-1,-1,,
sift,LSH_APG_ORIG,20,24,80,5000,16816.8,56.7898,57.1507,-1,-1,-1,-1,,
sift,LIGS_PSEUDO,20,24,80,5000,16816.8,56.0191,56.9059,-1,-1,-1,-1,,
sift,LSH_APG_ORIG,10,24,40,200,0,11.8111,11.9813,-1,-1,-1,-1,,
sift,LIGS_PSEUDO,10,24,40,200,0,12.3069,12.4243,-1,-1,-1,-1,,
sift,LSH_APG_ORIG,20,24,40,200,0,11.1371,11.4884,-1,-1,-1,-1,,
sift,LIGS_PSEUDO,20,24,40,200,0,18.6691,11.2055,-1,-1,-1,-1,,
sift,LSH_APG_ORIG,50,24,40,200,0,13.7286,12.9631,-1,-1,-1,-1,,
sift,LIGS_PSEUDO,50,24,40,200,0,13.0907,13.6812,-1,-1,-1,-1,,
sift,LSH_APG_ORIG,100,24,40,200,0,11.4344,14.8384,-1,-1,-1,-1,,
sift,LIGS_PSEUDO,100,24,40,200,0,11.5991,14.379,-1,-1,-1,-1,,
sift,LSH_APG_ORIG,10,24,40,200,0,14.5551,16.3639,-1,-1,-1,-1,,
sift,LIGS_PSEUDO,10,24,40,200,0,13.7719,13.7705,-1,-1,-1,-1,,
sift,LSH_APG_ORIG,20,24,40,200,0,10.9053,12.4166,-1,-1,-1,-1,,
sift,LIGS_PSEUDO,20,24,40,200,0,11.5103,11.6719,-1,-1,-1,-1,,
sift,LSH_APG_ORIG,50,24,80,200,-1,15.7368,15.1398,-1,-1,-1,-1,,
sift,LIGS_PSEUDO,50,24,80,200,-1,13.5948,12.7673,-1,-1,-1,-1,,
sift,LSH_APG_ORIG,10,24,80,200,-1,13.0847,14.477,-1,-1,-1,-1,,
sift,LIGS_PSEUDO,10,24,80,200,-1,12.724,13.0289,-1,-1,-1,-1,,
sift,LSH_APG_ORIG,20,24,80,200,-1,15.6585,16.5307,-1,-1,-1,-1,,
sift,LIGS_PSEUDO,20,24,80,200,-1,17.676,14.605,-1,-1,-1,-1,,
sift,LSH_APG_ORIG,50,24,80,200,-1,13.6484,15.0577,-1,-1,-1,-1,,
sift,LIGS_PSEUDO,50,24,80,200,-1,16.5446,14.3216,-1,-1,-1,-1,,
sift,LSH_APG_ORIG,10,24,80,200,-1,13.5905,14.1341,-1,-1,-1,-1,,
sift,LIGS_PSEUDO,10,24,80,200,-1,13.681,14.1263,-1,-1,-1,-1,,
sift,LSH_APG_ORIG,20,24,80,200,-1,13.3604,13.5273,-1,-1,-1,-1,,
sift,LIGS_PSEUDO,20,24,80,200,-1,13.4562,13.5052,-1,-1,-1,-1,,
sift,LSH_APG_ORIG,50,24,80,200,-1,13.3492,13.3062,-1,-1,-1,-1,,
sift,LIGS_PSEUDO,50,24,80,200,-1,13.4501,14.2417,-1,-1,-1,-1,,
sift,LSH_APG_ORIG,100,24,80,200,-1,12.7994,13.2448,-1,-1,-1,-1,,
sift,LIGS_PSEUDO,100,24,80,200,-1,17.102,17.6055,-1,-1,-1,-1,,
sift,LSH_APG_ORIG,10,24,80,200,-1,13.6957,13.7668,-1,-1,-1,-1,,
sift,LIGS_PSEUDO,10,24,80,200,-1,15.0903,15.2051,-1,-1,-1,-1,,
sift,LSH_APG_ORIG,20,24,80,200,-1,14.3062,15.1347,-1,-1,-1,-1,,
sift,LIGS_PSEUDO,20,24,80,200,-1,17.3633,16.6094,-1,-1,-1,-1,,
sift,LSH_APG_ORIG,50,24,80,200,-1,14.5036,17.2412,-1,-1,-1,-1,,
sift,LIGS_PSEUDO,50,24,80,200,-1,14.4895,14.3929,-1,-1,-1,-1,,
sift,LSH_APG_ORIG,100,24,80,200,-1,14.6409,15.701,-1,-1,-1,-1,,
sift,LIGS_PSEUDO,100,24,80,200,-1,14.7019,15.9527,-1,-1,-1,-1,,
sift,LSH_APG_ORIG,10,24,80,200,-1,14.8489,15.4848,-1,-1,-1,-1,,
sift,LIGS_PSEUDO,10,24,80,200,-1,15.4006,15.4927,-1,-1,-1,-1,,
sift,LSH_APG_ORIG,20,24,80,200,-1,8.55743,9.2602,-1,-1,-1,-1,,
sift,LIGS_PSEUDO,20,24,80,200,-1,9.40945,9.9197,-1,-1,-1,-1,,
sift,LSH_APG_ORIG,50,24,80,200,-1,9.76526,9.85726,-1,-1,-1,-1,,
sift,LIGS_PSEUDO,50,24,80,200,-1,9.15367,9.95757,-1,-1,-1,-1,,
sift,LSH_APG_ORIG,100,24,80,200,-1,9.25309,9.53899,-1,-1,-1,-1,,
sift,LIGS_PSEUDO,100,24,80,200,-1,10.4875,9.96367,-1,-1,-1,-1,,
sift,LSH_APG_ORIG,10,24,80,200,-1,8.34077,9.07586,-1,-1,-1,-1,,
sift,LIGS_PSEUDO,10,24,80,200,-1,8.67368,9.6599,-1,-1,-1,-1,,
sift,LSH_APG_ORIG,20,24,80,200,-1,9.42908,9.3503,-1,-1,-1,-1,,
sift,LIGS_PSEUDO,20,24,80,200,-1,9.5336,8.76894,-1,-1,-1,-1,,
sift,LSH_APG_ORIG,50,24,80,200,-1,9.72037,11.1653,-1,-1,-1,-1,,
sift,LIGS_PSEUDO,50,24,80,200,-1,10.7862,11.3384,-1,-1,-1,-1,,
sift,LSH_APG_ORIG,100,24,80,200,-1,10.5367,11.7974,-1,-1,-1,-1,,
sift,LIGS_PSEUDO,100,24,80,200,-1,10.9338,10.1049,-1,-1,-1,-1,,
sift,LSH_APG_ORIG,10,24,80,200,-1,11.1133,10.772,-1,-1,-1,-1,,
sift,LIGS_PSEUDO,10,24,80,200,-1,13.1585,12.0909,-1,-1,-1,-1,,
sift,LSH_APG_ORIG,20,24,80,200,-1,9.98692,10.6311,-1,-1,-1,-1,,
sift,LIGS_PSEUDO,20,24,80,200,-1,10.0169,9.89579,-1,-1,-1,-1,,
sift,LSH_APG_ORIG,50,24,80,200,-1,10.176,10.9113,-1,-1,-1,-1,,
sift,LIGS_PSEUDO,50,24,80,200,-1,10.0655,10.4919,-1,-1,-1,-1,,
sift,LSH_APG_ORIG,100,24,80,200,-1,10.1171,9.72751,-1,-1,-1,-1,,
sift,LIGS_PSEUDO,100,24,80,200,-1,12.156,10.5441,-1,-1,-1,-1,,
sift,LSH_APG_ORIG,10,24,80,200,-1,10.0685,10.6976,-1,-1,-1,-1,,
sift,LIGS_PSEUDO,10,24,80,200,-1,9.955,9.68197,-1,-1,-1,-1,,
sift,LSH_APG_ORIG,20,24,80,200,-1,10.0851,10.5707,-1,-1,-1,-1,,
sift,LIGS_PSEUDO,20,24,80,200,-1,11.3987,10.753,-1,-1,-1,-1,,
sift,LSH_APG_ORIG,50,24,80,200,-1,10.1015,10.208,-1,-1,-1,-1,,
sift,LIGS_PSEUDO,50,24,80,200,-1,11.7569,9.63409,-1,-1,-1,-1,,
sift,LSH_APG_ORIG,100,24,80,200,-1,10.4915,12.692,-1,-1,-1,-1,,
sift,LIGS_PSEUDO,100,24,80,200,-1,10.587,9.4238,-1,-1,-1,-1,,
sift,LSH_APG_ORIG,50,24,80,200,-1,9.51869,9.61667,-1,-1,-1,-1,,
sift,LIGS_PSEUDO,50,24,80,200,-1,10.1231,10.3659,-1,-1,-1,-1,,
sift,LSH_APG_ORIG,100,24,80,200,-1,7.23813,7.33857,-1,-1,-1,-1,,
sift,LIGS_PSEUDO,100,24,80,200,-1,9.64162,9.65482,-1,-1,-1,-1,,
sift,LSH_APG_ORIG,10,24,80,200,-1,9.96622,8.9447,-1,-1,-1,-1,,
sift,LIGS_PSEUDO,10,24,80,200,-1,9.57059,7.88673,-1,-1,-1,-1,,
sift,LSH_APG_ORIG,20,24,80,200,-1,12.2158,10.8991,-1,-1,-1,-1,,
sift,LIGS_PSEUDO,20,24,80,200,-1,11.0832,9.81727,-1,-1,-1,-1,,
sift,LSH_APG_ORIG,50,24,80,200,-1,11.5576,8.47409,-1,-1,-1,-1,,
sift,LIGS_PSEUDO,50,24,80,200,-1,11.993,8.33754,-1,-1,-1,-1,,
sift,LSH_APG_ORIG,100,24,80,200,-1,10.1949,8.19546,-1,-1,-1,-1,,
sift,LIGS_PSEUDO,100,24,80,200,-1,9.10408,9.29683,-1,-1,-1,-1,,
sift,LSH_APG_ORIG,10,24,80,200,-1,7.62224,7.58895,-1,-1,-1,-1,,
sift,LIGS_PSEUDO,10,24,80,200,-1,8.61672,7.11353,-1,-1,-1,-1,,
sift,LSH_APG_ORIG,20,24,80,200,-1,8.66502,9.37763,-1,-1,-1,-1,,
sift,LIGS_PSEUDO,20,24,80,200,-1,8.3566,9.34272,-1,-1,-1,-1,,
sift,LSH_APG_ORIG,50,24,80,200,-1,7.11179,9.16579,-1,-1,-1,-1,,
sift,LIGS_PSEUDO,50,24,80,200,-1,8.36115,8.24463,-1,-1,-1,-1,,
sift,LSH_APG_ORIG,100,24,80,200,-1,8.38602,8.96193,-1,-1,-1,-1,,
sift,LIGS_PSEUDO,100,24,80,200,-1,9.53207,9.60255,-1,-1,-1,-1,,
sift,LSH_APG_ORIG,10,24,80,200,-1,9.34876,9.78307,-1,-1,-1,-1,,
sift,LIGS_PSEUDO,10,24,80,200,-1,9.99145,10.0943,-1,-1,-1,-1,,
sift,LSH_APG_ORIG,20,24,80,200,-1,9.46304,9.44828,-1,-1,-1,-1,,
sift,LIGS_PSEUDO,20,24,80,200,-1,10.2197,9.58742,-1,-1,-1,-1,,
sift,LSH_APG_ORIG,50,24,80,200,-1,10.5025,10.3213,-1,-1,-1,-1,,
sift,LIGS_PSEUDO,50,24,80,200,-1,9.80123,9.62222,-1,-1,-1,-1,,
sift,LSH_APG_ORIG,100,24,80,200,-1,10.0688,10.515,-1,-1,-1,-1,,
sift,LIGS_PSEUDO,100,24,80,200,-1,10.2813,11.947,-1,-1,-1,-1,,
sift,LSH_APG_ORIG,50,24,80,200,-1,10.2195,9.84305,-1,-1,-1,-1,,
sift,LIGS_PSEUDO,50,24,80,200,-1,10.6024,10.1358,-1,-1,-1,-1,,
sift,LSH_APG_ORIG,100,24,80,200,-1,9.83822,9.61965,-1,-1,-1,-1,,
sift,LIGS_PSEUDO,100,24,80,200,-1,10.9548,9.29,-1,-1,-1,-1,,
SolmazDataset,SolmazMethod,k,T,efC,UpdateCount,IndexingTime_s,InsertAvg_ms,DeleteAvg_ms,SearchRt0p8_ms,SearchRt0p9_ms,SearchRt0p95_ms,SearchRt0p97_ms,MaxRecall,MaxRecallEf
sift,DAPG,1,24,80,200,110.277,0.90128,0.08765,0.31635,0.4153,0.50694,0.63504,0.97,81
sift,PSEUDO_DAPG,1,24,80,200,110.277,0.87107,0.041755,0.29396,0.35807,0.43394,0.5033,0.97,81
sift,LIGA_COL,1,24,80,200,110.277,0.82921,0.02814,,,,,0.38,1561
sift,LSHAPG_BASE,1,24,80,200,123.593,,,0.3683,0.46894,0.63838,0.63838,0.97,81
SolmazDataset,SolmazMethod,k,T,efC,UpdateCount,IndexingTime_s,InsertAvg_ms,DeleteAvg_ms,SearchRt0p8_ms,SearchRt0p9_ms,SearchRt0p95_ms,SearchRt0p97_ms,MaxRecall,MaxRecallEf
sift,DAPG,10,24,80,200,110.277,0.79475,0.09369,0.28819,0.35686,0.44048,0.59326,0.972,110
sift,PSEUDO_DAPG,10,24,80,200,110.277,0.804745,0.03023,0.40663,0.40663,0.47207,0.59978,0.976,70
sift,LIGA_COL,10,24,80,200,110.277,0.77513,0.03311,,,,,0.308,1970
sift,LSHAPG_BASE,10,24,80,200,123.593,,,0.35127,0.55509,0.55509,0.55509,0.977,110
SolmazDataset,SolmazMethod,k,T,efC,UpdateCount,IndexingTime_s,InsertAvg_ms,DeleteAvg_ms,SearchRt0p8_ms,SearchRt0p9_ms,SearchRt0p95_ms,SearchRt0p97_ms,MaxRecall,MaxRecallEf
sift,DAPG,20,24,80,200,110.277,0.985565,0.101165,0.32221,0.42444,0.61841,0.84863,0.973,120
sift,PSEUDO_DAPG,20,24,80,200,110.277,0.894985,0.035865,0.28757,0.39781,0.51447,0.60266,0.974,100
sift,LIGA_COL,20,24,80,200,110.277,0.8673,0.028855,,,,,0.3,2000
sift,LSHAPG_BASE,20,24,80,200,123.593,,,0.38174,0.4343,0.62419,0.87345,0.9735,120
SolmazDataset,SolmazMethod,k,T,efC,UpdateCount,IndexingTime_s,InsertAvg_ms,DeleteAvg_ms,SearchRt0p8_ms,SearchRt0p9_ms,SearchRt0p95_ms,SearchRt0p97_ms,MaxRecall,MaxRecallEf
sift,DAPG,50,24,80,200,110.277,0.912395,0.07971,0.47371,0.58764,0.90388,1.01706,0.973,170
sift,PSEUDO_DAPG,50,24,80,200,110.277,0.87451,0.03344,0.41404,0.41404,0.56274,0.77331,0.9756,130
sift,LIGA_COL,50,24,80,200,110.277,0.884525,0.02827,,,,,0.2946,2050
sift,LSHAPG_BASE,50,24,80,200,123.593,,,0.52926,0.57088,0.75742,1.00322,0.9732,170
SolmazDataset,SolmazMethod,k,T,efC,UpdateCount,IndexingTime_s,InsertAvg_ms,DeleteAvg_ms,SearchRt0p8_ms,SearchRt0p9_ms,SearchRt0p95_ms,SearchRt0p97_ms,MaxRecall,MaxRecallEf
sift,DAPG,100,24,80,200,110.277,0.785995,0.08291,0.57698,0.57698,0.87053,1.25404,0.9721,280
sift,PSEUDO_DAPG,100,24,80,200,110.277,0.689665,0.030625,0.44868,0.44868,0.52368,0.59859,0.972,160
sift,LIGA_COL,100,24,80,200,110.277,0.64348,0.02202,,,,,0.2864,2100
sift,LSHAPG_BASE,100,24,80,200,123.593,,,0.55795,0.55795,0.80736,1.04461,0.9704,260
